<?xml version="1.0" encoding="utf-8" ?>
<code key="com">
    <code key="baoxian">
        <code key="system">
            <code key="gender">
                <code id="1" key="MALE">
                    <name value="男" B2B="男性" B2C="M"/>
                    <desc value="性别：男性"/>
                </code>
                <code id="2" key="FEMALE">
                    <name value="女" B2B="女性" B2C="F"/>
                    <desc value="性别：女性"/>
                </code>
                <code id="3" key="UNKNOWN">
                    <name value="未知" B2B="未知性别" B2C="U"/>
                    <desc value="未知性别"/>
                </code>
                <code id="4" key="SECURITY">
                    <name value="保密"/>
                    <desc value="性别保密"/>
                </code>
            </code>
            <code key="area">
                <code id="5" key="01">
                    <name value="北京市" B2B="北京"/>
                    <desc value="中国北京"/>

                    <!--子级-->
                    <code id="10" key="FANGSHAN">
                        <name value="房山区"/>
                        <desc value="北京市房山区"/>
                    </code>
                    <code id="11" key="CHAOYANG">
                        <name value="朝阳区"/>
                        <desc value="北京市朝阳区"/>
                    </code>
                </code>
                <code id="6" key="02">
                    <name value="天津市" B2B="天津"/>
                    <desc value="中国天津"/>
                </code>
                <code id="7" key="03">
                    <name value="上海市" B2B="上海"/>
                    <desc value="中国上海"/>
                </code>
                <code id="8" key="04">
                    <name value="重庆市" B2B="重庆"/>
                    <desc value="中国重庆"/>
                </code>
            </code>
        </code>
        <code key="b2b">
            <code key="payment">
                <code id="9" key="cash">
                    <name value="现金"/>
                    <desc value="使用现金支付" B2C="现金支付方式"/>
                </code>
                <code id="10" key="ALIPAY">
                    <name value="支付宝"/>
                    <desc value="支付宝支付" B2B="使用支付宝支付"/>
                </code>
            </code>
        </code>
        <code key="order">
            <code key="orderStatus">
                <code id="11" key="UNS">
                    <name value="未提交"/>
                    <desc value="订单状态：未提交"/>
                </code>
                <code id="12" key="PRO">
                    <name value="已提交处理中"/>
                    <desc value="订单状态：已提交处理中"/>
                </code>
                <code id="13" key="CAN">
                    <name value="已取消"/>
                    <desc value="订单状态：已取消"/>
                </code>
                <code id="14" key="FLR">
                    <name value="交易失败"/>
                    <desc value="订单状态：交易失败"/>
                </code>
                <code id="15" key="SCC">
                    <name value="交易成功"/>
                    <desc value="订单状态：交易成功"/>
                </code>
            </code>
            <code key="deliveryStatus">
                <code id="16" key="NDL">
                    <name value="未配送"/>
                    <desc value="配送状态：未配送"/>
                </code>
                <code id="17" key="DLG">
                    <name value="配送中"/>
                    <desc value="配送状态：配送中"/>
                </code>
                <code id="18" key="DLD">
                    <name value="配送完成"/>
                    <desc value="配送状态：配送完成"/>
                </code>
                <code id="119" key="ADL">
                    <name value="放弃配送"/>
                    <desc value="配送状态：放弃配送"/>
                </code>
            </code>
            <code key="paymentStatus">
                <code id="19" key="NTP">
                    <name value="未支付"/>
                    <desc value="支付状态：未支付"/>
                </code>
                <code id="20" key="PAI">
                    <name value="已支付"/>
                    <desc value="支付状态：已支付"/>
                </code>
            </code>
            <code key="taskStatus">
                <code id="21" key="UNE">
                    <name value="未处理"/>
                    <desc value="任务状态：未处理"/>
                </code>
                <code id="22" key="EXC">
                    <name value="处理中"/>
                    <desc value="任务状态：处理中"/>
                </code>
                <code id="23" key="CMP">
                    <name value="处理完成"/>
                    <desc value="任务状态：处理完成"/>
                </code>
                <code id="24" key="ABN">
                    <name value="放弃"/>
                    <desc value="任务状态：放弃"/>
                </code>
            </code>
            <code key="orderItem">
                <code key="orderItemType">
                    <code id="25" key="OIO">
                        <name value="非车险在线产品"/>
                        <desc value="订单项类型：非车险在线产品"/>
                    </code>
                    <code id="26" key="CIO">
                        <name value="车险在线产品"/>
                        <desc value="订单项类型：车险在线产品"/>
                    </code>
                    <code id="27" key="OIC">
                        <name value="非车险卡单产品"/>
                        <desc value="订单项类型：非车险卡单产品"/>
                    </code>
                    <code id="28" key="PHC">
                        <name value="实物产品"/>
                        <desc value="订单项类型：实物产品"/>
                    </code>
                </code>
            </code>
            <code key="saleMode">
                <code id="29" key="net">
                    <name value="网销"/>
                    <desc value="销售模式（销售渠道）：网络销售"/>
                </code>
                <code id="30" key="phone">
                    <name value="电销"/>
                    <desc value="销售模式（销售渠道）：电话销售"/>
                </code>
                <code id="31" key="human">
                    <name value="地面销"/>
                    <desc value="销售模式（销售渠道）：地面销售"/>
                </code>
            </code>
        </code>
        <code key="insCompany">
            <code id="32" key="2022">
                <name value="太平洋保险"/>
                <desc value="保险公司：太平洋保险"/>
            </code>
            <code id="33" key="2005">
                <name value="人保财险"/>
                <desc value="保险公司：人保财险"/>
            </code>
            <code id="34" key="2007">
                <name value="平安保险"/>
                <desc value="保险公司：平安保险"/>
            </code>
            <code id="35" key="2019">
                <name value="阳光财险"/>
                <desc value="保险公司：阳光财险"/>
            </code>
            <code id="36" key="2026">
                <name value="天平汽车保险"/>
                <desc value="保险公司：天平汽车保险"/>
            </code>
            <code id="37" key="2022">
                <name value="永诚财险"/>
                <desc value="保险公司：永诚财险"/>
            </code>
            <code id="38" key="2021">
                <name value="大地财险"/>
                <desc value="保险公司：大地财险"/>
            </code>
            <code id="39" key="2043">
                <name value="华安财险"/>
                <desc value="保险公司：华安财险"/>
            </code>
            <code id="40" key="2023">
                <name value="华泰财险"/>
                <desc value="保险公司：华泰财险"/>
            </code>
            <code id="41" key="2016">
                <name value="太平保险"/>
                <desc value="保险公司：太平保险"/>
            </code>
            <code id="100" key="9002">
                <name value="北极保险(测试)"/>
                <desc value="保险公司：保险公司：北极保险(测试)"/>
            </code>
            <code id="101" key="9000">
                <name value="一块钱(测试)"/>
                <desc value="保险公司：一块钱(测试)"/>
            </code>
            <code id="102" key="9001">
                <name value="南极保险(测试)"/>
                <desc value="保险公司：南极保险(测试)"/>
            </code>
        </code>
        <code key="delivery">
          <code key="methods">
             <code id="90" key="SelfTake">
                 <name value="自取"/>
                 <desc value="配送方式：自取"/>
             </code>
              <code id="91" key="Express">
                  <name value="快递"/>
                  <desc value="配送方式：快递"/>
              </code>
          </code>
          <code key="deliveryProvider">
                <code id="1200" key="2">
                    <name value="保网"/>
                    <desc value="配送服务方:保网"/>
                </code>
                <code id="1201" key="1">
                    <name value="保险公司"/>
                    <desc value="配送服务方:保险公司"/>
                </code>
            </code>
        </code>
        <code key="payment">
            <code key="methods">
                <code id="44" key="OnlinePay">
                    <name value="在线支付"/>
                    <desc value="支付方式：在线支付"/>
                </code>
                <code id="45" key="DoorCollection">
                    <name value="上门收款"/>
                    <desc value="支付方式：上门收款"/>
                </code>
                <code id="46" key="CounterPos">
                    <name value="柜台Pos支付"/>
                    <desc value="支付方式：柜台Pos支付"/>
                </code>
                <code id="47" key="TerminalPay">
                    <name value="移动终端刷卡"/>
                    <desc value="支付方式：移动终端刷卡"/>
                </code>
                <code id="48" key="Transfer">
                    <name value="转账"/>
                    <desc value="支付方式：转账"/>
                </code>
                <code id="149" key="Mobile99bill">
                    <name value="移动快刷"/>
                    <desc value="支付方式：移动快刷"/>
                </code>
                <code id="150" key="MobileAlipay">
                    <name value="移动支付宝"/>
                    <desc value="支付方式：移动支付宝"/>
                </code>
                <code id="151" key="Others">
                    <name value="其他"/>
                    <desc value="支付方式：其他"/>
                </code>
                <code id="152" key="CardPayAlipay">
                    <name value="支付宝无卡支付"/>
                    <desc value="支付方式：支付宝无卡支付"/>
                </code>
                <code id="153" key="ProxyAlipay">
                    <name value="支付宝便捷支付"/>
                    <desc value="支付方式：支付宝便捷支付"/>
                </code>
                <code id="154" key="Payeco">
                    <name value="易联支付"/>
                    <desc value="支付方式：易联支付"/>
                </code>
                <code id="155" key="Bestpay">
                    <name value="翼支付"/>
                    <desc value="支付方式：翼支付"/>
                </code>
            </code>
            <code key="platForm">
                <code id="49" key="Alipay">
                    <name value="支付宝"/>
                    <desc value="第三方支付渠道：支付宝"/>
                </code>
                <code id="50" key="99bill">
                    <name value="快钱"/>
                    <desc value="第三方支付渠道：快钱"/>
                </code>
                <code id="51" key="Gnete">
                    <name value="银联汇付通"/>
                    <desc value="第三方支付渠道：银联汇付通"/>
                </code>
                <code id="52" key="Chinapnr">
                    <name value="汇付天下"/>
                    <desc value="第三方支付渠道：汇付天下"/>
                </code>
                <code id="53" key="Tenpay">
                    <name value="财付通"/>
                    <desc value="第三方支付渠道：财付通"/>
                </code>
                <code id="54" key="">
                    <name value="保网支付"/>
                    <desc value="第三方支付渠道：保网支付"/>
                </code>
                <code id="55" key="">
                    <name value="其他"/>
                    <desc value="第三方支付渠道：其他"/>
                </code>
            </code>
            <code key="payee">
                <code id="56" key="BW">
                    <name value="保网"/>
                    <desc value="收款方：保网"/>
                </code>
                <code id="57" key="insCorp">
                    <name value="保险公司"/>
                    <desc value="收款方：保险公司"/>
                </code>
                <code id="158" key="PropertyIns">
                    <name value="财险"/>
                    <desc value="收款方：财险"/>
                </code>
            </code>
            <code key="paymentTarget">
                <code id="256" key="BW">
                    <name value="保网"/>
                    <desc value="最终支付目标：保网"/>
                </code>
                <code id="257" key="insCorp">
                    <name value="保险公司"/>
                    <desc value="最终支付目标：保险公司"/>
                </code>
                <code id="258" key="PropertyIns">
                    <name value="财险"/>
                    <desc value="最终支付目标：财险"/>
                </code>
            </code>
            <code key="serviceProvider">
                <code id="200" key="1">
                    <name value="保网网站"/>
                    <desc value="收款服务方:保网网站"/>
                </code>
                <code id="201" key="2">
                    <name value="保险公司"/>
                    <desc value="收款服务方:保险公司"/>
                </code>
            </code>
        </code>
        <code key="bank">
            <code id="58" key="ABC">
                <name value="中国农业银行"/>
                <desc value=""/>
            </code>
            <code id="59" key="BEA">
                <name value="东亚银行"/>
                <desc value=""/>
            </code>
            <code id="60" key="BOB">
                <name value="北京银行"/>
                <desc value=""/>
            </code>
            <code id="61" key="CCB">
                <name value="中国建设银行"/>
                <desc value=""/>
            </code>
            <code id="62" key="CEB">
                <name value="中国光大银行"/>
                <desc value=""/>
            </code>
            <code id="63" key="CIB">
                <name value="兴业银行"/>
                <desc value=""/>
            </code>
            <code id="64" key="CMB">
                <name value="招商银行"/>
                <desc value=""/>
            </code>
            <code id="65" key="GDB">
                <name value="广东发展银行"/>
                <desc value=""/>
            </code>
            <code id="66" key="HXB">
                <name value="华夏银行"/>
                <desc value=""/>
            </code>
            <code id="67" key="SDB">
                <name value="深圳发展银行"/>
                <desc value=""/>
            </code>
            <code id="68" key="BCOM">
                <name value="中国交通银行"/>
                <desc value=""/>
            </code>
            <code id="69" key="CBHB">
                <name value="渤海银行"/>
                <desc value=""/>
            </code>
            <code id="70" key="CMBC">
                <name value="中国民生银行"/>
                <desc value=""/>
            </code>
            <code id="71" key="ICBC">
                <name value="中国工商银行"/>
                <desc value=""/>
            </code>
            <code id="72" key="NBCB">
                <name value="宁波银行"/>
                <desc value=""/>
            </code>
            <code id="73" key="NJCB">
                <name value="南京银行"/>
                <desc value=""/>
            </code>
            <code id="74" key="SPDB">
                <name value="上海浦东发展银行"/>
                <desc value=""/>
            </code>
            <code id="77" key="BJRCB">
                <name value="北京农村商业银行"/>
                <desc value=""/>
            </code>
            <code id="78" key="CITIC">
                <name value="中信银行"/>
                <desc value=""/>
            </code>
            <code id="79" key="POST">
                <name value="中国邮政储蓄"/>
                <desc value=""/>
            </code>
            <code id="80" key="SHRCC">
                <name value="上海农村商业银行"/>
                <desc value=""/>
            </code>
            <code id="81" key="BOC">
                <name value="中国银行(全国)"/>
                <desc value=""/>
            </code>
            <code id="82" key="GZRCC">
                <name value="广州市农村信用合作社"/>
                <desc value=""/>
            </code>
            <code id="83" key="GZCB">
                <name value="广州市商业银行"/>
                <desc value=""/>
            </code>
            <code id="84" key="HZB">
                <name value="杭州银行"/>
                <desc value=""/>
            </code>
            <code id="85" key="PAB">
                <name value="平安银行"/>
                <desc value=""/>
            </code>

            <code id="86" key="HSB">
                <name value="徽商银行"/>
                <desc value=""/>
            </code>
            <code id="87" key="CZB">
                <name value="浙商银行"/>
                <desc value=""/>
            </code>
            <code id="88" key="SHB">
                <name value="上海银行"/>
                <desc value=""/>
            </code>
            <code id="89" key="PSBC">
                <name value="中国邮政储蓄银行"/>
                <desc value=""/>
            </code>
        </code>
    </code>
</code>