<?xml version="1.0" encoding="UTF-8" ?>
<!DOCTYPE log4j:configuration SYSTEM "log4j.dtd">

<log4j:configuration xmlns:log4j="http://jakarta.apache.org/log4j/">
    <appender name="console" class="org.apache.log4j.ConsoleAppender">
        <param name="Target" value="System.out"/>
        <layout class="org.apache.log4j.PatternLayout">
            <param name="ConversionPattern" value="%d{yyyy-MM-dd hh:mm:ss}:%p %t %c - %m%n"/>
        </layout>
    </appender>

    <appender name="RollingFileAppender" class="org.apache.log4j.RollingFileAppender">
        <param name="Append" value="false"/>
        <param name="MaxFileSize" value="1024KB"/>
        <param name="File" value="log/insAPI.log"/>
        <param name="MaxBackupIndex" value="3"/>
        <layout class="org.apache.log4j.PatternLayout">
            <param name="ConversionPattern" value="%d{yyyy-MM-dd HH:mm:ss}:%p %t %c - %m%n"/>
        </layout>
    </appender>


    <logger name="grails.app" additivity="false">
        <level value="info"/>
        <appender-ref ref="console"/>
        <appender-ref ref="RollingFileAppender"/>

    </logger>

    <logger name="com.baoxian" additivity="false">
        <level value="debug"/>
        <appender-ref ref="console"/>
        <appender-ref ref="RollingFileAppender"/>
    </logger>

    <logger name="org.hibernate.SQL" additivity="false">
        <level value="error"/>
        <appender-ref ref="console"/>
    </logger>

    <logger name="org.hibernate" additivity="false">
        <level value="error"/>
        <appender-ref ref="console"/>
        <appender-ref ref="RollingFileAppender"/>
    </logger>

    <root>
        <priority value="error"/>
        <appender-ref ref="console"/>
        <appender-ref ref="RollingFileAppender"/>
    </root>

</log4j:configuration>