<?xml version='1.0'?>
<cluster-config xmlns:xsi="http://www.w3.org/2001/XMLSchema-instance"
   xmlns="http://xmlns.oracle.com/coherence/coherence-operational-config"
   xsi:schemaLocation="http://xmlns.oracle.com/coherence/coherence-operational-config
   http://xmlns.oracle.com/coherence/coherence-operational-config/1.2/coherence-operational-config.xsd">
      <member-identity>
         <cluster-name system-property="tangosol.coherence.cluster">
			<!--中央集群名称-->
            CnInsureCache-Com3</cluster-name>
      </member-identity>
       <unicast-listener>
          <well-known-addresses>
	 <socket-address id="1">
                        <!--中央集群的缓存IP地址-->
               <address system-property="tangosol.coherence.wka4">10.143.84.190</address>
               <port system-property="tangosol.coherence.wka4.port">8088</port>
            </socket-address>
			<socket-address id="2">
			<!--中央集群的缓存IP地址-->
               <address system-property="tangosol.coherence.wka4">10.143.84.190</address>
               <port system-property="tangosol.coherence.wka4.port">8088</port>
            </socket-address>
         </well-known-addresses>
      </unicast-listener>
     
       <multicast-listener>
      	 <time-to-live system-property="tangosol.coherence.ttl">
      	 12
      	 </time-to-live>
         <join-timeout-milliseconds 
         system-property="multicast.join.timeout">
         5000
         </join-timeout-milliseconds>
      </multicast-listener>
      <tcp-ring-listener>
         <enabled>true</enabled>
         <ip-attempts>5</ip-attempts>
         <listen-backlog>10</listen-backlog>
      </tcp-ring-listener>
      <services>
         <service id="3">
            <init-params>
               <init-param id="4">
                  <param-name>local-storage</param-name>
                  <param-value system-property="tangosol.coherence.distributed.
                     localstorage">false</param-value>
               </init-param>
            </init-params>
         </service>
      </services>
</cluster-config>
