<?xml version="1.0" encoding="UTF-8"?>
<task-operation-message-mapping>

        <task type="verifyTask" name="初审" key="2">
            <action value="开始分配组">您提交了订单，系统正在确认中</action>
            <action value="取消任务">订单已取消，若有疑问，请联系掌中保客服</action>
            <action value="放弃投保">您已取消了订单，若有疑问，请联系掌中保客服</action>
            <action value="超时终止">您的订单已过期，若有疑问，请联系掌中保客服</action>
            <action value="分配组成功">系统已确认您的订单</action>
            <action value="流程异常"></action>
            <action value="开始分配人">正在为您分配初审岗</action>
            <action value="分配人成功">您的订单已分派给初审岗[{operatedUser}]</action>
            <action value="开始处理">初审岗[{operatedUser}]正在处理您的订单，请耐心等待</action>
            <action value="重新分配">您的订单被重新分配</action>
            <action value="回收任务">您的订单被重新分配</action>
            <action value="暂停调度"></action>
            <action value="转移任务">您的订单被重新分配</action>
            <action value="退回修改">您的订单被退回，请修改信息再次提交</action>
            <action value="转呼叫坐席处理">您的订单已被转到人工服务，客服代表将拨打您的电话为您服务</action>
            <action value="初审通过">您的订单已通过初审，可以查看报价</action>
            <action value="拒绝承保">您的订单没有通过初审，若有疑问请联系掌中保客服</action>
            <action value="打回任务">您的订单被[{operatedUser}]重新分配</action>
            <action value="修改完成"></action>
            <action value="人工分配组"></action>
            <action value="人工分配人"></action>
            <action value="关闭任务"></action>
            <action value="重新初审">您的订单被修改，需要重新初审</action>
            <action value="重启调度">您的订单被重新分配</action>
        </task>

        <task type="quoteTask" name="报价" key="3">
            <action value="开始分配组">[{insCompanyName}]已转保险公司报价，系统正在确认中</action>
            <action value="开始暂存"></action>
            <action value="取消任务">[{insCompanyName}]报价已取消，若有疑问，请联系掌中保客服</action>
            <action value="放弃投保">您已取消了订单，若有疑问，请联系掌中保客服</action>
            <action value="超时终止">您的订单已过期，若有疑问，请联系掌中保客服</action>
            <action value="分配组成功">[{insCompanyName}]转保险公司报价，系统已确认</action>
            <action value="流程异常"></action>
            <action value="开始分配人">正在为您分配报价岗处理[{insCompanyName}]报价</action>
            <action value="开始处理">报价岗[{operatedUser}]正在处理[{insCompanyName}]报价</action>
            <action value="重新分配">正在重新分配报价岗处理[{insCompanyName}]报价</action>
            <action value="开始精灵录单"></action>
            <action value="回收任务">[{insCompanyName}]报价被重新分配</action>
            <action value="暂停调度"></action>
            <action value="转移任务">[{insCompanyName}]报价被重新分配</action>
            <action value="转呼叫坐席处理"></action>
            <action value="报价成功">[{insCompanyName}]报价成功</action>
            <action value="拒绝承保">[{insCompanyName}]拒绝承保,请选择其他保险公司投保</action>
            <action value="转业管人员处理">[{insCompanyName}]报价被重新分配</action>
            <action value="打回任务">[{insCompanyName}]报价被重新分配</action>
            <action value="关闭任务"></action>
            <action value="暂存成功"></action>
            <action value="暂存异常"></action>
            <action value="调价完成"></action>
            <action value="开始交强险及商业险查询"></action>
            <action value="查询异常"></action>
            <action value="重新自动暂存"></action>
            <action value="转人工报价"></action>
            <action value="重新交强险及商业险查询"></action>
            <action value="重新报价">[{insCompanyName}]重新报价</action>
            <action value="重新调整报价"></action>
            <action value="录单完成"></action>
            <action value="开始查询"></action>
            <action value="人工分配组"></action>
            <action value="人工分配人"></action>
            <action value="分配人成功">[{insCompanyName}]已经分配给报价岗[{operatedUser}]</action>
            <action value="重启调度">[{insCompanyName}]报价被重新分配</action>
        </task>

        <task type="insureTask" name="核保" key="4">
            <action value="开始分配组">您已提交[{insCompanyName}]的核保请求，等待系统确认</action>
            <action value="开始自动提交核保"></action>
            <action value="开始暂存"></action>
            <action value="转手动提交核保"></action>
            <action value="开始续保查询"></action>
            <action value="取消任务">订单已取消，若有疑问，请联系掌中保客服</action>
            <action value="放弃投保">您已取消了订单，若有疑问，请联系掌中保客服</action>
            <action value="超时终止">您的订单已过期，若有疑问，请联系掌中保客服</action>
            <action value="提交核保成功">系统已确认，正在分配核保岗</action>
            <action value="拒绝承保">[{insCompanyName}]拒绝承保,请选择其他保险公司投保</action>
            <action value="回收任务">[{insCompanyName}]核保被重新分配</action>
            <action value="转移任务">[{insCompanyName}]核保被重新分配</action>
            <action value="暂停调度"></action>
            <action value="提交核保异常"></action>
            <action value="暂存成功转人工报价调价"></action>
            <action value="暂存成功转人工调价并提交核保"></action>
            <action value="暂存异常"></action>
            <action value="开始分配人">正在为您分配核保岗处理[{insCompanyName}]报价</action>
            <action value="开始处理">核保岗[{operatedUser}]正为您处理核保</action>
            <action value="重新分配">[{insCompanyName}]核保被重新分配</action>
            <action value="打回任务">[{insCompanyName}]核保被重新分配</action>
            <action value="人工报价调价完成"></action>
            <action value="人工调价并提交核保成功"></action>
            <action value="开始自动报价查询"></action>
            <action value="查询成功"></action>
            <action value="查询报价结果异常"></action>
            <action value="开始交强险及商业险查询"></action>
            <action value="开始交强险查询"></action>
            <action value="开始商业险查询"></action>
            <action value="核保成功">您提交的[{insCompanyName}]核保申请已通过，请尽快支付保费</action>
            <action value="查询异常"></action>
            <action value="交强险查询完成"></action>
            <action value="商业险查询完成"></action>
            <action value="关闭任务"></action>
            <action value="重新自动提交核保"></action>
            <action value="转人工核保"></action>
            <action value="重新暂存"></action>
            <action value="重新自动查询核保结果"></action>
            <action value="重新自动查询报价结果"></action>
            <action value="重新核保">[{insCompanyName}]重新核保</action>
            <action value="重新调整报价并提交核保"></action>
            <action value="录单完成"></action>
            <action value="退回修改">您提交的[{insCompanyName}]已被退回，请重新投保</action>
            <action value="转呼叫坐席处理"></action>
            <action value="开始查询"></action>
            <action value="分配组成功"></action>
            <action value="流程异常"></action>
            <action value="分配人成功">[{insCompanyName}]已经分配给核保岗[{operatedUser}]</action>
            <action value="开始精灵录单"></action>
            <action value="人工分配组"></action>
            <action value="人工分配人"></action>
            <action value="转业管人员处理"></action>
            <action value="修改完成"></action>
            <action value="查询成功并开始暂存"></action>
            <action value="查询失败并退回修改"></action>
            <action value="重启调度">[{insCompanyName}]核保被重新分配</action>
        </task>

        <task type="paymentTask" name="支付" key="5">
            <action value="开始分配组"></action>
            <action value="直接支付"></action>
            <action value="取消任务">订单已取消，若有疑问，请联系掌中保客服</action>
            <action value="放弃投保">您已取消了订单，若有疑问，请联系掌中保客服</action>
            <action value="超时终止">您的订单已过期，若有疑问，请联系掌中保客服</action>
            <action value="支付成功">您的[{insCompanyName}]订单已经支付成功！</action>
            <action value="支付失败">您的[{insCompanyName}]订单支付异常，请联系掌中保客服</action>
            <action value="放弃支付">您已放弃支付[{insCompanyName}]订单</action>
            <action value="支付过期">您的订单由于超时未支付，已经被取消</action>
            <action value="更改支付方式重新支付"></action>
            <action value="重新核保"></action>
            <action value="开始申请支付号"></action>
            <action value="支付号申请成功"></action>
            <action value="支付号申请失败"></action>
            <action value="开始支付号取消"></action>
            <action value="重新申请支付号"></action>
            <action value="重新核保完成"></action>
            <action value="分配组成功"></action>
            <action value="流程异常"></action>
            <action value="开始手动处理"></action>
            <action value="开始自动处理"></action>
            <action value="支付号取消成功"></action>
            <action value="支付号取消失败"></action>
            <action value="人工分配组"></action>
        </task>

        <task type="secondPaymentTask" name="二次支付" key="10">
            <action value="开始分配组"></action>
            <action value="直接支付"></action>
            <action value="取消任务">订单已取消，若有疑问，请联系掌中保客服</action>
            <action value="超时终止">您的订单已过期，若有疑问，请联系掌中保客服</action>
            <action value="开始分配人"></action>
            <action value="开始处理">支付岗[{operatedUser}]正在进行对账确认</action>
            <action value="重新分配"></action>
            <action value="回收任务"></action>
            <action value="暂停调度"></action>
            <action value="转移任务"></action>
            <action value="支付成功">对账确认已成功</action>
            <action value="支付失败"></action>
            <action value="打回任务"></action>
            <action value="关闭任务"></action>
            <action value="分配组成功"></action>
            <action value="流程异常"></action>
            <action value="人工分配组"></action>
            <action value="人工分配人"></action>
            <action value="分配人成功"></action>
            <action value="重启调度"></action>
        </task>

        <task type="underwriteTask" name="承保" key="6">
            <action value="开始分配组"></action>
            <action value="开始自动处理"></action>
            <action value="直接承保"></action>
            <action value="取消任务">订单已取消，若有疑问，请联系掌中保客服</action>
            <action value="超时终止">您的订单已过期，若有疑问，请联系掌中保客服</action>
            <action value="承保成功">[{insCompanyName}]承保成功，您可以查看保单号</action>
            <action value="承保失败">[{insCompanyName}]承保失败，请联系掌中保客服</action>
            <action value="放弃承保">你已放弃承保，如有问题请联系掌中保客服</action>
            <action value="开始交强险及商业险查询"></action>
            <action value="开始交强险查询"></action>
            <action value="开始商业险查询"></action>
            <action value="查询异常"></action>
            <action value="交强险查询成功"></action>
            <action value="商业险查询成功"></action>
            <action value="关闭任务"></action>
            <action value="分配组成功"></action>
            <action value="开始手动处理"></action>
            <action value="人工分配组"></action>
            <action value="重新查询"></action>
            <action value="转人工处理"></action>
        </task>

        <task type="insPolicySyncTask" name="录单" key="7">
            <action value="开始分配组"></action>
            <action value="取消任务"></action>
            <action value="超时终止"></action>
            <action value="任务关闭"></action>
            <action value="重新录单"></action>
            <action value="分配组成功"></action>
            <action value="流程异常"></action>
            <action value="数据同步成功"></action>
            <action value="人工分配组"></action>
        </task>

        <task type="insPolicyPrintingTask" name="打单" key="8">
            <action value="开始分配组"></action>
            <action value="直接打单"></action>
            <action value="取消任务">订单已取消，若有疑问，请联系掌中保客服</action>
            <action value="超时终止">您的订单已过期，若有疑问，请联系掌中保客服</action>
            <action value="开始打单"></action>
            <action value="开始分配人"></action>
            <action value="重新分配"></action>
            <action value="回收任务"></action>
            <action value="打单成功">[{insCompanyName}]保单已打印成功</action>
            <action value="打单失败">[{insCompanyName}]保单打印失败，请联系掌中保客服</action>
            <action value="关闭任务"></action>
            <action value="重新打单"></action>
            <action value="分配组成功"></action>
            <action value="流程异常"></action>
            <action value="分配人成功"></action>
            <action value="人工分配组"></action>
            <action value="人工分配人"></action>
        </task>

        <task type="deliveryTask" name="配送" key="9">
            <action value="开始分配组"></action>
            <action value="直接配送"></action>
            <action value="取消任务">订单已取消，若有疑问，请联系掌中保客服</action>
            <action value="超时终止">您的订单已过期，若有疑问请联系掌中保客服</action>
            <action value="配送成功">[{insCompanyName}]保单已配送成功</action>
            <action value="配送失败"></action>
            <action value="重新快递配送"></action>
            <action value="分配组成功"></action>
            <action value="流程异常"></action>
            <action value="开始快递配送"></action>
            <action value="开始自取配送"></action>
            <action value="人工分配组"></action>
        </task>
	   
</task-operation-message-mapping>