<?xml version="1.0" encoding="UTF-8"?>
<task-fields-mapping>
    <!-- 类属性映射::::  id:类名，name:自定义，mapping:类属性与Map的Key的映射关系 -->
    <!--<task type="carInsureMainTask" name="车险投保主任务"  mapping="insuredName:insuredName|insCityName:insureRegion|accountId:accountId|plateNumber:plateNumber|multiQuoteId:enquiryId" enquriyId="multiQuoteId" />-->
    <!--<task type="verifyTask" name="初审任务"  mapping="insuredName:insuredName|insCityName:insureRegion|accountId:accountId|plateNumber:plateNumber|multiQuoteId:enquiryId" enquriyId="multiQuoteId" />-->
    <!--<task type="quoteTask" name="报价任务"  mapping="insuredName:insuredName|insCityName:insureRegion|accountId:accountId|plateNumber:plateNumber|multiQuoteId:enquiryId" enquriyId="multiQuoteId" />-->

    <!--summary字段格式："任务类型-amp;-amp;询价号";orgPath字段格式：orgComCode1.orgComCode2.orgComCode3.orgComCode1.orgComCode4;bizInfo:一个Map，key值查看globalKeyMapping.xml文件;supplier：供应商id-->
    <task type="carInsureMainTask" name="投保总流程" enquriyId="obj?.id">
        <field name="summary" value="'投保--' + obj?.id"/>
        <field name="orgPath" value="obj?.orgCodes?.replace('_', '.')"/>
        <field name="bizInfo" value="[
            businessId: obj?.id?.toString(),
            enquiryId: obj?.id?.toString(),
            accountId: obj?.account,
            plateNumber: obj?.plateNumber,
            insuredName: obj?.insuredName,
            insureRegion: obj?.insureAddress,
            isRenewal:obj?.processType=='CONTINUE_INSURE'?'Y':'N'
        ]"/>
        <field name="supplier" value="obj?.vehicleEnquirys?.collect{it?.providerId}?.join(',')"/>
        <field name="priority" value="obj?.quoteInfo?.attrs?.get('agentVipLevel')?:'1'"/>
    </task>
    <task type="verifyTask" name="多方初审任务" enquriyId="obj?.multiQuoteId">
        <field name="summary" value="'初审--' + obj?.multiQuoteId"/>
        <field name="orgPath" value="obj?.orgCodes?.replace('_', '.')"/>
        <field name="bizInfo" value="[
            businessId: obj?.id?.toString(),
            enquiryId: obj?.multiQuoteId,
            accountId: obj?.accountId,
            plateNumber: obj?.plateNumber,
            insuredName: obj?.insuredName,
            insureType: obj?.providers?.collect{it?.insureWay}?.join(','),
            insureRegion: obj?.insCityCode,
            processType: 'human',
            verifyType: obj?.processType ?: 'NORMAL',
            skillGroupType: 'CM',
            printOrderNetPoint:obj?.orgCodes?.substring(obj?.orgCodes?.lastIndexOf('_')+1),
            printOrderOrgPath:obj?.orgCodes?.indexOf('_')>-1 ? obj?.orgCodes?.substring(obj?.orgCodes?.indexOf('_')+1, obj?.orgCodes?.indexOf('_', obj?.orgCodes?.indexOf('_')+1)) : '',
            effectiveDate:obj?.quoteInfo?.insureConfig?.isInsuredBusinessRisks() ? obj?.quoteInfo?.insureConfig?.businessInsEffectDate?.format('yyyy-MM-dd HH:mm:ss') : obj?.quoteInfo?.insureConfig?.trafficInsEffectDate?.format('yyyy-MM-dd HH:mm:ss'),
            insureClass:(obj?.quoteInfo?.insureConfig?.isInsuredBusinessRisks() &amp;&amp; obj?.quoteInfo?.insureConfig?.isInsuredTrafficFatalities()) ? '3' : (obj?.quoteInfo?.insureConfig?.isInsuredBusinessRisks() ? '1' : (obj?.quoteInfo?.insureConfig?.isInsuredTrafficFatalities() ? '2' : '')),
            useProps:obj?.quoteInfo?.vehicleInfo?.useProperty?.original?.toString()
        ]"/>
        <field name="supplier" value="obj?.providers?.collect{it?.id}?.join(',')"/>
    </task>
    <task type="quoteTask" name="报价任务" enquriyId="obj?.enquiryId">
        <field name="summary" value="'报价--' + obj?.enquiryId"/>
        <field name="orgPath" value="obj?.quoteInfo?.agencyOrg?.getOrgCodes()"/>
        <field name="bizInfo" value="[
            businessId: obj?.id?.toString(),
            enquiryId: obj?.enquiryId,
            accountId: obj?.accountId,
            plateNumber: obj?.plateNumber,
            insuredName: obj?.insuredName,
            insCompanyId: obj?.insCompanyId,
            insureType: obj?.insureWay,
            insureRegion: obj?.insCityCode,
            processType: obj?.calcTaskProcessType()?.toString(),
            taskInterfaceType: obj?.calcTaskProcessType()?.toString(),
            skillGroupType: 'CM',
            printOrderNetPoint:obj?.quoteInfo?.agencyOrg?.getOrgCodes()?.substring(obj?.quoteInfo?.agencyOrg?.getOrgCodes()?.lastIndexOf('.')+1),
            printOrderOrgPath:obj?.quoteInfo?.agencyOrg?.getOrgCodes()?.indexOf('.')>-1 ? obj?.quoteInfo?.agencyOrg?.getOrgCodes()?.substring(obj?.quoteInfo?.agencyOrg?.getOrgCodes()?.indexOf('.')+1, obj?.quoteInfo?.agencyOrg?.getOrgCodes()?.indexOf('.', obj?.quoteInfo?.agencyOrg?.getOrgCodes()?.indexOf('.')+1)) : '',
            effectiveDate:obj?.currentQuoteInfo?.insureConfig?.isInsuredBusinessRisks() ? obj?.currentQuoteInfo?.insureConfig?.businessInsEffectDate?.format('yyyy-MM-dd HH:mm:ss') : obj?.currentQuoteInfo?.insureConfig?.trafficInsEffectDate?.format('yyyy-MM-dd HH:mm:ss'),
            discountPremium:obj?.quoteResult?.getTotalPrice()?.toString(),
            insureClass:(obj?.currentQuoteInfo?.insureConfig?.isInsuredBusinessRisks() &amp;&amp; obj?.currentQuoteInfo?.insureConfig?.isInsuredTrafficFatalities()) ? '3' : (obj?.currentQuoteInfo?.insureConfig?.isInsuredBusinessRisks() ? '1' : (obj?.currentQuoteInfo?.insureConfig?.isInsuredTrafficFatalities() ? '2' : '')),
            useProps:obj?.currentQuoteInfo?.vehicleInfo?.useProperty?.original?.toString()
        ]"/>
        <field name="supplier" value="obj?.providerId ?: obj?.BasePropsProvider?.providerId"/>
        <field name="resultInfo" value="[
            trafficPropNum: obj?.quoteResult?.attrs?.get('businessInsPropNum'),
            businessPropNum: obj?.quoteResult?.attrs?.get('trafficInsPropNum')
        ]"/>
    </task>
    <task type="insureTask" name="核保任务" enquriyId="obj?.enquiryId">
        <field name="summary" value="'核保--' + obj?.enquiryId"/>
        <field name="orgPath" value="obj?.insureData?.quoteInfo?.agencyOrg?.getOrgCodes()"/>
        <field name="bizInfo" value="[
            businessId: obj?.id?.toString(),
            enquiryId: obj?.enquiryId,
            accountId: obj?.accountId,
            plateNumber: obj?.plateNumber,
            insuredName: obj?.insuredName,
            insCompanyId: obj?.insCompanyId,
            insureType: obj?.insureWay,
            insureRegion: obj?.insCityCode,
            processType: obj?.calcTaskProcessType()?.toString(),
            taskInterfaceType: obj?.calcTaskProcessType()?.toString(),
            isRenewal: ('CONTINUE_INSURE'.equalsIgnoreCase(obj?.buzzCategory) || 'CONTINUE_INSURE'.equalsIgnoreCase(obj?.attrs?.get('CONTINUE_INSURE'))) ? 'Y' : 'N',
            skillGroupType: 'CM',
            printOrderNetPoint:obj?.insureData?.quoteInfo?.agencyOrg?.getOrgCodes()?.substring(obj?.insureData?.quoteInfo?.agencyOrg?.getOrgCodes()?.lastIndexOf('.')+1),
            printOrderOrgPath:obj?.insureData?.quoteInfo?.agencyOrg?.getOrgCodes()?.indexOf('.')>-1 ? obj?.insureData?.quoteInfo?.agencyOrg?.getOrgCodes()?.substring(obj?.insureData?.quoteInfo?.agencyOrg?.getOrgCodes()?.indexOf('.')+1, obj?.insureData?.quoteInfo?.agencyOrg?.getOrgCodes()?.indexOf('.', obj?.insureData?.quoteInfo?.agencyOrg?.getOrgCodes()?.indexOf('.')+1)) : '',
            effectiveDate:obj?.currentQuoteInfo?.insureConfig?.isInsuredBusinessRisks() ? obj?.currentQuoteInfo?.insureConfig?.businessInsEffectDate?.format('yyyy-MM-dd HH:mm:ss') : obj?.currentQuoteInfo?.insureConfig?.trafficInsEffectDate?.format('yyyy-MM-dd HH:mm:ss'),
            discountPremium:obj?.currentQuoteResult?.getTotalPrice()?.toString(),
            insureClass:(obj?.currentQuoteInfo?.insureConfig?.isInsuredBusinessRisks() &amp;&amp; obj?.currentQuoteInfo?.insureConfig?.isInsuredTrafficFatalities()) ? '3' : (obj?.currentQuoteInfo?.insureConfig?.isInsuredBusinessRisks() ? '1' : (obj?.currentQuoteInfo?.insureConfig?.isInsuredTrafficFatalities() ? '2' : '')),
            useProps:obj?.currentQuoteInfo?.vehicleInfo?.useProperty?.original?.toString()
        ]"/>
        <field name="supplier" value="obj?.providerId ?: obj?.BasePropsProvider?.providerId"/>
        <field name="resultInfo" value="[
            trafficPropNum: obj?.insureResult?.trafficInsPropNum,
            businessPropNum: obj?.insureResult?.businessInsPropNum
        ]"/>
    </task>
    <task type="paymentTask" name="支付任务" enquriyId="obj?.enquiryId">
        <field name="summary" value="'支付--' + obj?.enquiryId"/>
        <field name="orgPath" value="obj?.orgPath"/>
        <field name="bizInfo" value="[
            businessId: obj?.bizInfo?.businessId,
            enquiryId: obj?.bizInfo?.enquiryId,
            accountId: obj?.bizInfo?.accountId,
            plateNumber: obj?.bizInfo?.plateNumber,
            insuredName: obj?.bizInfo?.insuredName,
            insCompanyId: obj?.bizInfo?.insCompanyId,
            insureType: obj?.bizInfo?.insureType,
            processType: obj?.bizInfo?.processType,
            insureRegion: obj?.bizInfo?.insureRegion,
            payee: obj?.bizInfo?.payee,
            paymentTarget: obj?.bizInfo?.paymentTarget,
            paymentTraceNumber: obj?.bizInfo?.paymentTraceNumber,
            multiQuoteId: obj?.bizInfo?.multiQuoteId,
            isSecondPayment: 'N',
            skillGroupType: 'CM',
            processModule: obj?.bizInfo?.processModule,
            isCreatedNextTask: obj?.bizInfo?.isCreatedNextTask,
            printOrderNetPoint:obj?.orgPath?.substring(obj?.orgPath?.lastIndexOf('.')+1),
            printOrderOrgPath:obj?.orgPath?.indexOf('.')>-1 ? obj?.orgPath?.substring(obj?.orgPath?.indexOf('.')+1, obj?.orgPath?.indexOf('.', obj?.orgPath?.indexOf('.')+1)) : '',
            effectiveDate:obj?.bizInfo?.effectiveDate,
            discountPremium:obj?.bizInfo?.discountPremium,
            insureClass:obj?.bizInfo?.insureClass,
            useProps:obj?.bizInfo?.useProps
        ]"/>
        <field name="supplier" value="obj?.supplier"/>
        <field name="resultInfo" value="[
            trafficPropNum: obj?.resultInfo?.trafficPropNum,
            businessPropNum: obj?.resultInfo?.businessPropNum
        ]"/>
    </task>
    <task type="secondPaymentTask" name="二次支付任务" enquriyId="obj?.enquiryId">
        <field name="summary" value="'二支--' + obj?.enquiryId"/>
        <field name="orgPath" value="obj?.orgPath"/>
        <field name="bizInfo" value="[
            businessId: obj?.bizInfo?.businessId,
            enquiryId: obj?.bizInfo?.enquiryId,
            accountId: obj?.bizInfo?.accountId,
            plateNumber: obj?.bizInfo?.plateNumber,
            insuredName: obj?.bizInfo?.insuredName,
            insCompanyId: obj?.bizInfo?.insCompanyId,
            insureType: obj?.bizInfo?.insureType,
            insureRegion: obj?.bizInfo?.insureRegion,
            carOwnerName: obj?.bizInfo?.carOwnerName,
            processType: obj?.bizInfo?.processType,
            multiQuoteId: obj?.bizInfo?.multiQuoteId,
            isSecondPayment: 'Y',
            skillGroupType: 'CM',
            processModule: obj?.bizInfo?.processModule,
            printOrderNetPoint:obj?.orgPath?.substring(obj?.orgPath?.lastIndexOf('.')+1),
            printOrderOrgPath:obj?.orgPath?.indexOf('.')>-1 ? obj?.orgPath?.substring(obj?.orgPath?.indexOf('.')+1, obj?.orgPath?.indexOf('.', obj?.orgPath?.indexOf('.')+1)) : '',
            effectiveDate:obj?.bizInfo?.effectiveDate,
            discountPremium:obj?.bizInfo?.discountPremium,
            insureClass:obj?.bizInfo?.insureClass,
            useProps:obj?.bizInfo?.useProps
        ]"/>
        <field name="supplier" value="obj?.supplier"/>
        <field name="resultInfo" value="[
            trafficPropNum: obj?.resultInfo?.trafficPropNum,
            businessPropNum: obj?.resultInfo?.businessPropNum
        ]"/>
    </task>
    <task type="underwriteTask" name="承保任务" enquriyId="obj?.enquiryId">
        <field name="summary" value="'承保--' + obj?.enquiryId"/>
        <field name="orgPath" value="obj?.orgPath"/>
        <field name="bizInfo" value="[
            businessId: obj?.bizInfo?.businessId,
            enquiryId: obj?.bizInfo?.enquiryId,
            accountId: obj?.bizInfo?.accountId,
            plateNumber: obj?.bizInfo?.plateNumber,
            insuredName: obj?.bizInfo?.insuredName,
            insCompanyId: obj?.bizInfo?.insCompanyId,
            insureType: obj?.bizInfo?.insureType,
            insureRegion: obj?.bizInfo?.insureRegion,
            processType: obj?.bizInfo?.processType,
            multiQuoteId: obj?.bizInfo?.multiQuoteId,
            skillGroupType: 'CM',
            processModule: obj?.bizInfo?.processModule,
            isCreatedNextTask: obj?.bizInfo?.isCreatedNextTask,
            printOrderNetPoint:obj?.orgPath?.substring(obj?.orgPath?.lastIndexOf('.')+1),
            printOrderOrgPath:obj?.orgPath?.indexOf('.')>-1 ? obj?.orgPath?.substring(obj?.orgPath?.indexOf('.')+1, obj?.orgPath?.indexOf('.', obj?.orgPath?.indexOf('.')+1)) : '',
            effectiveDate:obj?.bizInfo?.effectiveDate,
            discountPremium:obj?.bizInfo?.discountPremium,
            insureClass:obj?.bizInfo?.insureClass,
            useProps:obj?.bizInfo?.useProps
        ]"/>
        <field name="supplier" value="obj?.supplier"/>
        <field name="resultInfo" value="[
            trafficPropNum: obj?.resultInfo?.trafficPropNum,
            businessPropNum: obj?.resultInfo?.businessPropNum,
            trafficPolicyCode: obj?.resultInfo?.trafficPolicyCode,
            businessPolicyCode: obj?.resultInfo?.businessPolicyCode,
            trafficPolicyId: obj?.resultInfo?.trafficPolicyId,
            businessPolicyId: obj?.resultInfo?.businessPolicyId
        ]"/>
    </task>
    <task type="insPolicySyncTask" name="录单任务" enquriyId="obj?.enquiryId">
        <field name="summary" value="'录单--' + obj?.enquiryId"/>
        <field name="orgPath" value="obj?.orgPath"/>
        <field name="bizInfo" value="[
            businessId: obj?.bizInfo?.businessId,
            enquiryId: obj?.bizInfo?.enquiryId,
            accountId: obj?.bizInfo?.accountId,
            plateNumber: obj?.bizInfo?.plateNumber,
            insuredName: obj?.bizInfo?.insuredName,
            insCompanyId: obj?.bizInfo?.insCompanyId,
            insureType: obj?.bizInfo?.insureType,
            insureRegion: obj?.bizInfo?.insureRegion,
            multiQuoteId: obj?.bizInfo?.multiQuoteId,
            skillGroupType: 'CM',
            processModule: obj?.bizInfo?.processModule,
            printOrderNetPoint:obj?.orgPath?.substring(obj?.orgPath?.lastIndexOf('.')+1),
            printOrderOrgPath:obj?.orgPath?.indexOf('.')>-1 ? obj?.orgPath?.substring(obj?.orgPath?.indexOf('.')+1, obj?.orgPath?.indexOf('.', obj?.orgPath?.indexOf('.')+1)) : '',
            effectiveDate:obj?.bizInfo?.effectiveDate,
            discountPremium:obj?.bizInfo?.discountPremium,
            insureClass:obj?.bizInfo?.insureClass,
            useProps:obj?.bizInfo?.useProps
        ]"/>
        <field name="supplier" value="obj?.supplier"/>
        <field name="resultInfo" value="[
            trafficPropNum: obj?.resultInfo?.trafficPropNum,
            businessPropNum: obj?.resultInfo?.businessPropNum,
            trafficPolicyCode: obj?.resultInfo?.trafficPolicyCode,
            businessPolicyCode: obj?.resultInfo?.businessPolicyCode,
            trafficPolicyId: obj?.resultInfo?.trafficPolicyId,
            businessPolicyId: obj?.resultInfo?.businessPolicyId
        ]"/>
    </task>
    <task type="insPolicyPrintingTask" name="打单任务" enquriyId="obj?.enquiryId">
        <field name="summary" value="'打单--' + obj?.enquiryId"/>
        <field name="orgPath" value="obj?.orgPath"/>
        <field name="bizInfo" value="[
            businessId: obj?.bizInfo?.businessId,
            enquiryId: obj?.bizInfo?.enquiryId,
            accountId: obj?.bizInfo?.accountId,
            plateNumber: obj?.bizInfo?.plateNumber,
            insuredName: obj?.bizInfo?.insuredName,
            insCompanyId: obj?.bizInfo?.insCompanyId,
            insureType: obj?.bizInfo?.insureType,
            insureRegion: obj?.bizInfo?.insureRegion,
            multiQuoteId: obj?.bizInfo?.multiQuoteId,
            skillGroupType: 'CM',
            processModule: obj?.bizInfo?.processModule,
            isCreatedNextTask: obj?.bizInfo?.isCreatedNextTask,
            printOrderNetPoint:obj?.orgPath?.substring(obj?.orgPath?.lastIndexOf('.')+1),
            printOrderOrgPath:obj?.orgPath?.indexOf('.')>-1 ? obj?.orgPath?.substring(obj?.orgPath?.indexOf('.')+1, obj?.orgPath?.indexOf('.', obj?.orgPath?.indexOf('.')+1)) : '',
            effectiveDate:obj?.bizInfo?.effectiveDate,
            discountPremium:obj?.bizInfo?.discountPremium,
            insureClass:obj?.bizInfo?.insureClass,
            useProps:obj?.bizInfo?.useProps
        ]"/>
        <field name="supplier" value="obj?.supplier"/>
        <field name="resultInfo" value="[
            trafficPropNum: obj?.resultInfo?.trafficPropNum,
            businessPropNum: obj?.resultInfo?.businessPropNum,
            trafficPolicyCode: obj?.resultInfo?.trafficPolicyCode,
            businessPolicyCode: obj?.resultInfo?.businessPolicyCode,
            trafficPolicyId: obj?.resultInfo?.trafficPolicyId,
            businessPolicyId: obj?.resultInfo?.businessPolicyId
        ]"/>
    </task>
    <task type="deliveryTask" name="配送任务" enquriyId="obj?.enquiryId">
        <field name="summary" value="'配送--' + obj?.enquiryId"/>
        <field name="orgPath" value="obj?.orgPath"/>
        <field name="bizInfo" value="[
            businessId: obj?.bizInfo?.businessId,
            enquiryId: obj?.bizInfo?.enquiryId,
            accountId: obj?.bizInfo?.accountId,
            plateNumber: obj?.bizInfo?.plateNumber,
            insuredName: obj?.bizInfo?.insuredName,
            insCompanyId: obj?.bizInfo?.insCompanyId,
            insureType: obj?.bizInfo?.insureType,
            insureRegion: obj?.bizInfo?.insureRegion,
            processType: obj?.bizInfo?.processType,
            multiQuoteId: obj?.bizInfo?.multiQuoteId,
            deliveryStartTime: obj?.bizInfo?.deliveryStartTime,
            deliveryMode: obj?.bizInfo?.deliveryMode,
            deliveryConsignee: obj?.bizInfo?.deliveryConsignee,
            deliveryContactPhoneNo: obj?.bizInfo?.deliveryContactPhoneNo,
            deliveryAddress: obj?.bizInfo?.deliveryAddress,
            deliveryPostCode: obj?.bizInfo?.deliveryPostCode,
            deliveryLogisticsCompanyName: obj?.bizInfo?.deliveryLogisticsCompanyName,
            skillGroupType: 'CM',
            processModule: obj?.bizInfo?.processModule,
            printOrderNetPoint:obj?.orgPath?.substring(obj?.orgPath?.lastIndexOf('.')+1),
            printOrderOrgPath:obj?.orgPath?.indexOf('.')>-1 ? obj?.orgPath?.substring(obj?.orgPath?.indexOf('.')+1, obj?.orgPath?.indexOf('.', obj?.orgPath?.indexOf('.')+1)) : '',
            effectiveDate:obj?.bizInfo?.effectiveDate,
            discountPremium:obj?.bizInfo?.discountPremium,
            insureClass:obj?.bizInfo?.insureClass,
            useProps:obj?.bizInfo?.useProps
        ]"/>
        <field name="supplier" value="obj?.supplier"/>
        <field name="resultInfo" value="[
            trafficPropNum: obj?.resultInfo?.trafficPropNum,
            businessPropNum: obj?.resultInfo?.businessPropNum,
            trafficPolicyCode: obj?.resultInfo?.trafficPolicyCode,
            businessPolicyCode: obj?.resultInfo?.businessPolicyCode,
            trafficPolicyId: obj?.resultInfo?.trafficPolicyId,
            businessPolicyId: obj?.resultInfo?.businessPolicyId
        ]"/>
    </task>
</task-fields-mapping>